<?xml version="1.0" encoding="UTF-8"?>
<!-- IMPORTANT: This is an internal file that has been generated
     by the Xilinx ISE software.  Any direct editing or
     changes made to this file may result in unpredictable
     behavior or data corruption.  It is strongly advised that
     users do not edit the contents of this file. -->
<DeviceUsageSummary rev="20">
<DesignStatistics TimeStamp="Wed Jun 05 09:17:05 2013"><group name="NetStatistics">
<item name="NumNets_Active" rev="20">
<attrib name="value" value="218"/></item>
<item name="NumNets_Gnd" rev="20">
<attrib name="value" value="1"/></item>
<item name="NumNets_Vcc" rev="20">
<attrib name="value" value="1"/></item>
<item name="NumNodesOfType_Active_BOUNCEACROSS" rev="20">
<attrib name="value" value="1"/></item>
<item name="NumNodesOfType_Active_BOUNCEIN" rev="20">
<attrib name="value" value="22"/></item>
<item name="NumNodesOfType_Active_BUFGOUT" rev="20">
<attrib name="value" value="2"/></item>
<item name="NumNodesOfType_Active_BUFHINP2OUT" rev="20">
<attrib name="value" value="8"/></item>
<item name="NumNodesOfType_Active_CLKPIN" rev="20">
<attrib name="value" value="10"/></item>
<item name="NumNodesOfType_Active_CLKPINFEED" rev="20">
<attrib name="value" value="12"/></item>
<item name="NumNodesOfType_Active_CNTRLPIN" rev="20">
<attrib name="value" value="11"/></item>
<item name="NumNodesOfType_Active_DOUBLE" rev="20">
<attrib name="value" value="464"/></item>
<item name="NumNodesOfType_Active_GENERIC" rev="20">
<attrib name="value" value="29"/></item>
<item name="NumNodesOfType_Active_GLOBAL" rev="20">
<attrib name="value" value="36"/></item>
<item name="NumNodesOfType_Active_INPUT" rev="20">
<attrib name="value" value="310"/></item>
<item name="NumNodesOfType_Active_IOBIN2OUT" rev="20">
<attrib name="value" value="19"/></item>
<item name="NumNodesOfType_Active_IOBOUTPUT" rev="20">
<attrib name="value" value="19"/></item>
<item name="NumNodesOfType_Active_LUTINPUT" rev="20">
<attrib name="value" value="502"/></item>
<item name="NumNodesOfType_Active_OUTBOUND" rev="20">
<attrib name="value" value="226"/></item>
<item name="NumNodesOfType_Active_OUTPUT" rev="20">
<attrib name="value" value="198"/></item>
<item name="NumNodesOfType_Active_PADINPUT" rev="20">
<attrib name="value" value="10"/></item>
<item name="NumNodesOfType_Active_PADOUTPUT" rev="20">
<attrib name="value" value="10"/></item>
<item name="NumNodesOfType_Active_PINBOUNCE" rev="20">
<attrib name="value" value="131"/></item>
<item name="NumNodesOfType_Active_PINFEED" rev="20">
<attrib name="value" value="792"/></item>
<item name="NumNodesOfType_Active_QUAD" rev="20">
<attrib name="value" value="602"/></item>
<item name="NumNodesOfType_Active_REGINPUT" rev="20">
<attrib name="value" value="35"/></item>
<item name="NumNodesOfType_Active_SINGLE" rev="20">
<attrib name="value" value="503"/></item>
<item name="NumNodesOfType_Gnd_BOUNCEIN" rev="20">
<attrib name="value" value="229"/></item>
<item name="NumNodesOfType_Gnd_CNTRLPIN" rev="20">
<attrib name="value" value="3"/></item>
<item name="NumNodesOfType_Gnd_HGNDOUT" rev="20">
<attrib name="value" value="80"/></item>
<item name="NumNodesOfType_Gnd_INPUT" rev="20">
<attrib name="value" value="1907"/></item>
<item name="NumNodesOfType_Gnd_OUTBOUND" rev="20">
<attrib name="value" value="1"/></item>
<item name="NumNodesOfType_Gnd_OUTPUT" rev="20">
<attrib name="value" value="1"/></item>
<item name="NumNodesOfType_Gnd_PINBOUNCE" rev="20">
<attrib name="value" value="461"/></item>
<item name="NumNodesOfType_Gnd_PINFEED" rev="20">
<attrib name="value" value="1719"/></item>
<item name="NumNodesOfType_Gnd_REGINPUT" rev="20">
<attrib name="value" value="4"/></item>
<item name="NumNodesOfType_Gnd_SINGLE" rev="20">
<attrib name="value" value="1"/></item>
<item name="NumNodesOfType_Vcc_CLKPIN" rev="20">
<attrib name="value" value="3"/></item>
<item name="NumNodesOfType_Vcc_CNTRLPIN" rev="20">
<attrib name="value" value="3"/></item>
<item name="NumNodesOfType_Vcc_HVCCOUT" rev="20">
<attrib name="value" value="19"/></item>
<item name="NumNodesOfType_Vcc_KVCCOUT" rev="20">
<attrib name="value" value="3"/></item>
<item name="NumNodesOfType_Vcc_LUTINPUT" rev="20">
<attrib name="value" value="40"/></item>
<item name="NumNodesOfType_Vcc_PINBOUNCE" rev="20">
<attrib name="value" value="3"/></item>
<item name="NumNodesOfType_Vcc_PINFEED" rev="20">
<attrib name="value" value="43"/></item>
</group>
<group name="SiteStatistics">
<item name="BUFG-BUFGMUX" rev="20">
<attrib name="value" value="2"/></item>
<item name="IOB-IOBM" rev="20">
<attrib name="value" value="8"/></item>
<item name="IOB-IOBS" rev="20">
<attrib name="value" value="12"/></item>
<item name="SLICEL-SLICEM" rev="20">
<attrib name="value" value="10"/></item>
<item name="SLICEX-SLICEL" rev="20">
<attrib name="value" value="2"/></item>
<item name="SLICEX-SLICEM" rev="20">
<attrib name="value" value="8"/></item>
</group>
<group name="MiscellaneousStatistics">
<item name="AGG_BONDED_IO" rev="19">
<attrib name="value" value="20"/></item>
<item name="AGG_IO" rev="19">
<attrib name="value" value="20"/></item>
<item name="AGG_LOCED_IO" rev="19">
<attrib name="value" value="20"/></item>
<item name="AGG_SLICE" rev="19">
<attrib name="value" value="54"/></item>
<item name="NUM_BONDED_IOB" rev="19">
<attrib name="value" value="20"/></item>
<item name="NUM_BSFULL" rev="19">
<attrib name="value" value="37"/></item>
<item name="NUM_BSLUTONLY" rev="19">
<attrib name="value" value="91"/></item>
<item name="NUM_BSUSED" rev="19">
<attrib name="value" value="128"/></item>
<item name="NUM_BUFG" rev="19">
<attrib name="value" value="2"/></item>
<item name="NUM_LOCED_IOB" rev="19">
<attrib name="value" value="20"/></item>
<item name="NUM_LOGIC_O5ANDO6" rev="19">
<attrib name="value" value="30"/></item>
<item name="NUM_LOGIC_O5ONLY" rev="19">
<attrib name="value" value="10"/></item>
<item name="NUM_LOGIC_O6ONLY" rev="19">
<attrib name="value" value="86"/></item>
<item name="NUM_LUT_RT_DRIVES_CARRY4" rev="19">
<attrib name="value" value="2"/></item>
<item name="NUM_LUT_RT_EXO6" rev="19">
<attrib name="value" value="2"/></item>
<item name="NUM_LUT_RT_O6" rev="19">
<attrib name="value" value="10"/></item>
<item name="NUM_RAMB16BWER" rev="19">
<attrib name="value" value="19"/></item>
<item name="NUM_SLICEL" rev="19">
<attrib name="value" value="27"/></item>
<item name="NUM_SLICEX" rev="19">
<attrib name="value" value="27"/></item>
<item name="NUM_SLICE_CARRY4" rev="19">
<attrib name="value" value="19"/></item>
<item name="NUM_SLICE_CONTROLSET" rev="19">
<attrib name="value" value="5"/></item>
<item name="NUM_SLICE_CYINIT" rev="19">
<attrib name="value" value="174"/></item>
<item name="NUM_SLICE_F7MUX" rev="19">
<attrib name="value" value="8"/></item>
<item name="NUM_SLICE_FF" rev="19">
<attrib name="value" value="28"/></item>
<item name="NUM_SLICE_LATCHLOGIC" rev="19">
<attrib name="value" value="9"/></item>
<item name="NUM_SLICE_UNUSEDCTRL" rev="19">
<attrib name="value" value="41"/></item>
<item name="NUM_UNUSABLE_FF_BELS" rev="19">
<attrib name="value" value="28"/></item>
<item name="Xilinx Core blk_mem_gen_v4_3, Xilinx CORE Generator 12.4" rev="19">
<attrib name="value" value="1"/></item>
</group>
</DesignStatistics>
<DeviceUsage TimeStamp="Wed Jun 05 09:17:05 2013"><group name="SiteSummary">
<item name="BUFG" rev="20">
<attrib name="total" value="1000000"/><attrib name="used" value="2"/></item>
<item name="BUFG_BUFG" rev="20">
<attrib name="total" value="1000000"/><attrib name="used" value="2"/></item>
<item name="CARRY4" rev="20">
<attrib name="total" value="1000000"/><attrib name="used" value="19"/></item>
<item name="HARD0" rev="20">
<attrib name="total" value="1000000"/><attrib name="used" value="6"/></item>
<item name="IOB" rev="20">
<attrib name="total" value="1000000"/><attrib name="used" value="20"/></item>
<item name="IOB_IMUX" rev="20">
<attrib name="total" value="1000000"/><attrib name="used" value="10"/></item>
<item name="IOB_INBUF" rev="20">
<attrib name="total" value="1000000"/><attrib name="used" value="10"/></item>
<item name="IOB_OUTBUF" rev="20">
<attrib name="total" value="1000000"/><attrib name="used" value="10"/></item>
<item name="LUT5" rev="20">
<attrib name="total" value="1000000"/><attrib name="used" value="40"/></item>
<item name="LUT6" rev="20">
<attrib name="total" value="1000000"/><attrib name="used" value="128"/></item>
<item name="PAD" rev="20">
<attrib name="total" value="1000000"/><attrib name="used" value="20"/></item>
<item name="RAMB16BWER" rev="20">
<attrib name="total" value="1000000"/><attrib name="used" value="19"/></item>
<item name="RAMB16BWER_RAMB16BWER" rev="20">
<attrib name="total" value="1000000"/><attrib name="used" value="19"/></item>
<item name="REG_SR" rev="20">
<attrib name="total" value="1000000"/><attrib name="used" value="37"/></item>
<item name="SELMUX2_1" rev="20">
<attrib name="total" value="1000000"/><attrib name="used" value="8"/></item>
<item name="SLICEL" rev="20">
<attrib name="total" value="1000000"/><attrib name="used" value="27"/></item>
<item name="SLICEX" rev="20">
<attrib name="total" value="1000000"/><attrib name="used" value="27"/></item>
</group>
</DeviceUsage>
<ReportConfigData TimeStamp="Wed Jun 05 09:17:05 2013"><group name="REG_SR">
<item name="CK" rev="20">
<attrib name="CK" value="28"/><attrib name="CK_INV" value="9"/></item>
<item name="LATCH_OR_FF" rev="20">
<attrib name="FF" value="28"/><attrib name="AND2L" value="9"/></item>
<item name="SRINIT" rev="20">
<attrib name="SRINIT0" value="37"/></item>
<item name="SYNC_ATTR" rev="20">
<attrib name="ASYNC" value="37"/></item>
</group>
<group name="SLICEL">
<item name="CLK" rev="20">
<attrib name="CLK" value="8"/><attrib name="CLK_INV" value="3"/></item>
</group>
<group name="IOB_OUTBUF">
<item name="DRIVEATTRBOX" rev="20">
<attrib name="12" value="10"/></item>
<item name="SLEW" rev="20">
<attrib name="SLOW" value="10"/></item>
<item name="SUSPEND" rev="20">
<attrib name="3STATE" value="10"/></item>
</group>
<group name="SLICEX">
<item name="CLK" rev="20">
<attrib name="CLK" value="2"/><attrib name="CLK_INV" value="0"/></item>
</group>
<group name="RAMB16BWER">
<item name="CLKA" rev="20">
<attrib name="CLKA_INV" value="0"/><attrib name="CLKA" value="19"/></item>
<item name="CLKB" rev="20">
<attrib name="CLKB_INV" value="0"/><attrib name="CLKB" value="19"/></item>
<item name="ENA" rev="20">
<attrib name="ENA_INV" value="0"/><attrib name="ENA" value="19"/></item>
<item name="ENB" rev="20">
<attrib name="ENB_INV" value="0"/><attrib name="ENB" value="19"/></item>
<item name="REGCEA" rev="20">
<attrib name="REGCEA_INV" value="0"/><attrib name="REGCEA" value="19"/></item>
<item name="REGCEB" rev="20">
<attrib name="REGCEB_INV" value="0"/><attrib name="REGCEB" value="19"/></item>
<item name="RSTA" rev="20">
<attrib name="RSTA" value="19"/><attrib name="RSTA_INV" value="0"/></item>
<item name="RSTB" rev="20">
<attrib name="RSTB" value="19"/><attrib name="RSTB_INV" value="0"/></item>
<item name="WEA0" rev="20">
<attrib name="WEA0" value="19"/><attrib name="WEA0_INV" value="0"/></item>
<item name="WEA1" rev="20">
<attrib name="WEA1" value="19"/><attrib name="WEA1_INV" value="0"/></item>
<item name="WEA2" rev="20">
<attrib name="WEA2" value="19"/><attrib name="WEA2_INV" value="0"/></item>
<item name="WEA3" rev="20">
<attrib name="WEA3_INV" value="0"/><attrib name="WEA3" value="19"/></item>
<item name="WEB0" rev="20">
<attrib name="WEB0" value="19"/><attrib name="WEB0_INV" value="0"/></item>
<item name="WEB1" rev="20">
<attrib name="WEB1" value="19"/><attrib name="WEB1_INV" value="0"/></item>
<item name="WEB2" rev="20">
<attrib name="WEB2_INV" value="0"/><attrib name="WEB2" value="19"/></item>
<item name="WEB3" rev="20">
<attrib name="WEB3" value="19"/><attrib name="WEB3_INV" value="0"/></item>
</group>
<group name="RAMB16BWER_RAMB16BWER">
<item name="CLKA" rev="20">
<attrib name="CLKA_INV" value="0"/><attrib name="CLKA" value="19"/></item>
<item name="CLKB" rev="20">
<attrib name="CLKB_INV" value="0"/><attrib name="CLKB" value="19"/></item>
<item name="DATA_WIDTH_A" rev="20">
<attrib name="1" value="16"/><attrib name="4" value="2"/><attrib name="9" value="1"/></item>
<item name="DATA_WIDTH_B" rev="20">
<attrib name="1" value="16"/><attrib name="4" value="2"/><attrib name="9" value="1"/></item>
<item name="DOA_REG" rev="20">
<attrib name="0" value="19"/></item>
<item name="DOB_REG" rev="20">
<attrib name="0" value="19"/></item>
<item name="ENA" rev="20">
<attrib name="ENA_INV" value="0"/><attrib name="ENA" value="19"/></item>
<item name="ENB" rev="20">
<attrib name="ENB_INV" value="0"/><attrib name="ENB" value="19"/></item>
<item name="EN_RSTRAM_A" rev="20">
<attrib name="FALSE" value="19"/></item>
<item name="EN_RSTRAM_B" rev="20">
<attrib name="FALSE" value="19"/></item>
<item name="RAM_MODE" rev="20">
<attrib name="TDP" value="19"/></item>
<item name="REGCEA" rev="20">
<attrib name="REGCEA_INV" value="0"/><attrib name="REGCEA" value="19"/></item>
<item name="REGCEB" rev="20">
<attrib name="REGCEB_INV" value="0"/><attrib name="REGCEB" value="19"/></item>
<item name="RSTA" rev="20">
<attrib name="RSTA" value="19"/><attrib name="RSTA_INV" value="0"/></item>
<item name="RSTB" rev="20">
<attrib name="RSTB" value="19"/><attrib name="RSTB_INV" value="0"/></item>
<item name="RSTTYPE" rev="20">
<attrib name="SYNC" value="19"/></item>
<item name="RST_PRIORITY_A" rev="20">
<attrib name="CE" value="19"/></item>
<item name="RST_PRIORITY_B" rev="20">
<attrib name="CE" value="19"/></item>
<item name="WEA0" rev="20">
<attrib name="WEA0" value="19"/><attrib name="WEA0_INV" value="0"/></item>
<item name="WEA1" rev="20">
<attrib name="WEA1" value="19"/><attrib name="WEA1_INV" value="0"/></item>
<item name="WEA2" rev="20">
<attrib name="WEA2" value="19"/><attrib name="WEA2_INV" value="0"/></item>
<item name="WEA3" rev="20">
<attrib name="WEA3_INV" value="0"/><attrib name="WEA3" value="19"/></item>
<item name="WEB0" rev="20">
<attrib name="WEB0" value="19"/><attrib name="WEB0_INV" value="0"/></item>
<item name="WEB1" rev="20">
<attrib name="WEB1" value="19"/><attrib name="WEB1_INV" value="0"/></item>
<item name="WEB2" rev="20">
<attrib name="WEB2_INV" value="0"/><attrib name="WEB2" value="19"/></item>
<item name="WEB3" rev="20">
<attrib name="WEB3" value="19"/><attrib name="WEB3_INV" value="0"/></item>
<item name="WRITE_MODE_A" rev="20">
<attrib name="WRITE_FIRST" value="19"/></item>
<item name="WRITE_MODE_B" rev="20">
<attrib name="WRITE_FIRST" value="19"/></item>
</group>
</ReportConfigData>
<ReportPinData TimeStamp="Wed Jun 05 09:17:05 2013"><group name="REG_SR">
<item name="CE" rev="20">
<attrib name="value" value="20"/></item>
<item name="CK" rev="20">
<attrib name="value" value="37"/></item>
<item name="D" rev="20">
<attrib name="value" value="37"/></item>
<item name="Q" rev="20">
<attrib name="value" value="37"/></item>
<item name="SR" rev="20">
<attrib name="value" value="31"/></item>
</group>
<group name="SLICEL">
<item name="A1" rev="20">
<attrib name="value" value="1"/></item>
<item name="A2" rev="20">
<attrib name="value" value="4"/></item>
<item name="A3" rev="20">
<attrib name="value" value="4"/></item>
<item name="A4" rev="20">
<attrib name="value" value="13"/></item>
<item name="A5" rev="20">
<attrib name="value" value="15"/></item>
<item name="A6" rev="20">
<attrib name="value" value="19"/></item>
<item name="AMUX" rev="20">
<attrib name="value" value="12"/></item>
<item name="AQ" rev="20">
<attrib name="value" value="10"/></item>
<item name="AX" rev="20">
<attrib name="value" value="10"/></item>
<item name="B1" rev="20">
<attrib name="value" value="3"/></item>
<item name="B2" rev="20">
<attrib name="value" value="5"/></item>
<item name="B3" rev="20">
<attrib name="value" value="8"/></item>
<item name="B4" rev="20">
<attrib name="value" value="13"/></item>
<item name="B5" rev="20">
<attrib name="value" value="12"/></item>
<item name="B6" rev="20">
<attrib name="value" value="15"/></item>
<item name="BMUX" rev="20">
<attrib name="value" value="10"/></item>
<item name="BQ" rev="20">
<attrib name="value" value="9"/></item>
<item name="BX" rev="20">
<attrib name="value" value="8"/></item>
<item name="C1" rev="20">
<attrib name="value" value="11"/></item>
<item name="C2" rev="20">
<attrib name="value" value="14"/></item>
<item name="C3" rev="20">
<attrib name="value" value="15"/></item>
<item name="C4" rev="20">
<attrib name="value" value="18"/></item>
<item name="C5" rev="20">
<attrib name="value" value="18"/></item>
<item name="C6" rev="20">
<attrib name="value" value="21"/></item>
<item name="CE" rev="20">
<attrib name="value" value="6"/></item>
<item name="CIN" rev="20">
<attrib name="value" value="11"/></item>
<item name="CLK" rev="20">
<attrib name="value" value="11"/></item>
<item name="CMUX" rev="20">
<attrib name="value" value="17"/></item>
<item name="COUT" rev="20">
<attrib name="value" value="11"/></item>
<item name="CQ" rev="20">
<attrib name="value" value="8"/></item>
<item name="CX" rev="20">
<attrib name="value" value="14"/></item>
<item name="D" rev="20">
<attrib name="value" value="1"/></item>
<item name="D1" rev="20">
<attrib name="value" value="4"/></item>
<item name="D2" rev="20">
<attrib name="value" value="6"/></item>
<item name="D3" rev="20">
<attrib name="value" value="6"/></item>
<item name="D4" rev="20">
<attrib name="value" value="17"/></item>
<item name="D5" rev="20">
<attrib name="value" value="19"/></item>
<item name="D6" rev="20">
<attrib name="value" value="20"/></item>
<item name="DMUX" rev="20">
<attrib name="value" value="7"/></item>
<item name="DQ" rev="20">
<attrib name="value" value="7"/></item>
<item name="DX" rev="20">
<attrib name="value" value="7"/></item>
<item name="SR" rev="20">
<attrib name="value" value="9"/></item>
</group>
<group name="IOB_OUTBUF">
<item name="IN" rev="20">
<attrib name="value" value="10"/></item>
<item name="OUT" rev="20">
<attrib name="value" value="10"/></item>
</group>
<group name="SLICEX">
<item name="A" rev="20">
<attrib name="value" value="14"/></item>
<item name="A1" rev="20">
<attrib name="value" value="6"/></item>
<item name="A2" rev="20">
<attrib name="value" value="12"/></item>
<item name="A3" rev="20">
<attrib name="value" value="12"/></item>
<item name="A4" rev="20">
<attrib name="value" value="14"/></item>
<item name="A5" rev="20">
<attrib name="value" value="14"/></item>
<item name="A6" rev="20">
<attrib name="value" value="14"/></item>
<item name="AMUX" rev="20">
<attrib name="value" value="2"/></item>
<item name="AQ" rev="20">
<attrib name="value" value="2"/></item>
<item name="B" rev="20">
<attrib name="value" value="14"/></item>
<item name="B1" rev="20">
<attrib name="value" value="4"/></item>
<item name="B2" rev="20">
<attrib name="value" value="10"/></item>
<item name="B3" rev="20">
<attrib name="value" value="14"/></item>
<item name="B4" rev="20">
<attrib name="value" value="15"/></item>
<item name="B5" rev="20">
<attrib name="value" value="14"/></item>
<item name="B6" rev="20">
<attrib name="value" value="15"/></item>
<item name="BMUX" rev="20">
<attrib name="value" value="2"/></item>
<item name="BQ" rev="20">
<attrib name="value" value="1"/></item>
<item name="C" rev="20">
<attrib name="value" value="11"/></item>
<item name="C1" rev="20">
<attrib name="value" value="9"/></item>
<item name="C2" rev="20">
<attrib name="value" value="9"/></item>
<item name="C3" rev="20">
<attrib name="value" value="11"/></item>
<item name="C4" rev="20">
<attrib name="value" value="11"/></item>
<item name="C5" rev="20">
<attrib name="value" value="11"/></item>
<item name="C6" rev="20">
<attrib name="value" value="11"/></item>
<item name="CE" rev="20">
<attrib name="value" value="1"/></item>
<item name="CLK" rev="20">
<attrib name="value" value="2"/></item>
<item name="CMUX" rev="20">
<attrib name="value" value="1"/></item>
<item name="D" rev="20">
<attrib name="value" value="11"/></item>
<item name="D1" rev="20">
<attrib name="value" value="6"/></item>
<item name="D2" rev="20">
<attrib name="value" value="9"/></item>
<item name="D3" rev="20">
<attrib name="value" value="9"/></item>
<item name="D4" rev="20">
<attrib name="value" value="10"/></item>
<item name="D5" rev="20">
<attrib name="value" value="10"/></item>
<item name="D6" rev="20">
<attrib name="value" value="11"/></item>
<item name="DMUX" rev="20">
<attrib name="value" value="4"/></item>
<item name="SR" rev="20">
<attrib name="value" value="1"/></item>
</group>
<group name="BUFG_BUFG">
<item name="I0" rev="20">
<attrib name="value" value="2"/></item>
<item name="O" rev="20">
<attrib name="value" value="2"/></item>
</group>
<group name="PAD">
<item name="PAD" rev="20">
<attrib name="value" value="20"/></item>
</group>
<group name="IOB_INBUF">
<item name="OUT" rev="20">
<attrib name="value" value="10"/></item>
<item name="PAD" rev="20">
<attrib name="value" value="10"/></item>
</group>
<group name="RAMB16BWER">
<item name="ADDRA0" rev="20">
<attrib name="value" value="19"/></item>
<item name="ADDRA1" rev="20">
<attrib name="value" value="19"/></item>
<item name="ADDRA10" rev="20">
<attrib name="value" value="19"/></item>
<item name="ADDRA11" rev="20">
<attrib name="value" value="19"/></item>
<item name="ADDRA12" rev="20">
<attrib name="value" value="19"/></item>
<item name="ADDRA13" rev="20">
<attrib name="value" value="19"/></item>
<item name="ADDRA2" rev="20">
<attrib name="value" value="19"/></item>
<item name="ADDRA3" rev="20">
<attrib name="value" value="19"/></item>
<item name="ADDRA4" rev="20">
<attrib name="value" value="19"/></item>
<item name="ADDRA5" rev="20">
<attrib name="value" value="19"/></item>
<item name="ADDRA6" rev="20">
<attrib name="value" value="19"/></item>
<item name="ADDRA7" rev="20">
<attrib name="value" value="19"/></item>
<item name="ADDRA8" rev="20">
<attrib name="value" value="19"/></item>
<item name="ADDRA9" rev="20">
<attrib name="value" value="19"/></item>
<item name="ADDRB0" rev="20">
<attrib name="value" value="19"/></item>
<item name="ADDRB1" rev="20">
<attrib name="value" value="19"/></item>
<item name="ADDRB10" rev="20">
<attrib name="value" value="19"/></item>
<item name="ADDRB11" rev="20">
<attrib name="value" value="19"/></item>
<item name="ADDRB12" rev="20">
<attrib name="value" value="19"/></item>
<item name="ADDRB13" rev="20">
<attrib name="value" value="19"/></item>
<item name="ADDRB2" rev="20">
<attrib name="value" value="19"/></item>
<item name="ADDRB3" rev="20">
<attrib name="value" value="19"/></item>
<item name="ADDRB4" rev="20">
<attrib name="value" value="19"/></item>
<item name="ADDRB5" rev="20">
<attrib name="value" value="19"/></item>
<item name="ADDRB6" rev="20">
<attrib name="value" value="19"/></item>
<item name="ADDRB7" rev="20">
<attrib name="value" value="19"/></item>
<item name="ADDRB8" rev="20">
<attrib name="value" value="19"/></item>
<item name="ADDRB9" rev="20">
<attrib name="value" value="19"/></item>
<item name="CLKA" rev="20">
<attrib name="value" value="19"/></item>
<item name="CLKB" rev="20">
<attrib name="value" value="19"/></item>
<item name="DIA0" rev="20">
<attrib name="value" value="19"/></item>
<item name="DIA1" rev="20">
<attrib name="value" value="19"/></item>
<item name="DIA10" rev="20">
<attrib name="value" value="19"/></item>
<item name="DIA11" rev="20">
<attrib name="value" value="19"/></item>
<item name="DIA12" rev="20">
<attrib name="value" value="19"/></item>
<item name="DIA13" rev="20">
<attrib name="value" value="19"/></item>
<item name="DIA14" rev="20">
<attrib name="value" value="19"/></item>
<item name="DIA15" rev="20">
<attrib name="value" value="19"/></item>
<item name="DIA16" rev="20">
<attrib name="value" value="19"/></item>
<item name="DIA17" rev="20">
<attrib name="value" value="19"/></item>
<item name="DIA18" rev="20">
<attrib name="value" value="19"/></item>
<item name="DIA19" rev="20">
<attrib name="value" value="19"/></item>
<item name="DIA2" rev="20">
<attrib name="value" value="19"/></item>
<item name="DIA20" rev="20">
<attrib name="value" value="19"/></item>
<item name="DIA21" rev="20">
<attrib name="value" value="19"/></item>
<item name="DIA22" rev="20">
<attrib name="value" value="19"/></item>
<item name="DIA23" rev="20">
<attrib name="value" value="19"/></item>
<item name="DIA24" rev="20">
<attrib name="value" value="19"/></item>
<item name="DIA25" rev="20">
<attrib name="value" value="19"/></item>
<item name="DIA26" rev="20">
<attrib name="value" value="19"/></item>
<item name="DIA27" rev="20">
<attrib name="value" value="19"/></item>
<item name="DIA28" rev="20">
<attrib name="value" value="19"/></item>
<item name="DIA29" rev="20">
<attrib name="value" value="19"/></item>
<item name="DIA3" rev="20">
<attrib name="value" value="19"/></item>
<item name="DIA30" rev="20">
<attrib name="value" value="19"/></item>
<item name="DIA31" rev="20">
<attrib name="value" value="19"/></item>
<item name="DIA4" rev="20">
<attrib name="value" value="19"/></item>
<item name="DIA5" rev="20">
<attrib name="value" value="19"/></item>
<item name="DIA6" rev="20">
<attrib name="value" value="19"/></item>
<item name="DIA7" rev="20">
<attrib name="value" value="19"/></item>
<item name="DIA8" rev="20">
<attrib name="value" value="19"/></item>
<item name="DIA9" rev="20">
<attrib name="value" value="19"/></item>
<item name="DIB0" rev="20">
<attrib name="value" value="19"/></item>
<item name="DIB1" rev="20">
<attrib name="value" value="19"/></item>
<item name="DIB10" rev="20">
<attrib name="value" value="19"/></item>
<item name="DIB11" rev="20">
<attrib name="value" value="19"/></item>
<item name="DIB12" rev="20">
<attrib name="value" value="19"/></item>
<item name="DIB13" rev="20">
<attrib name="value" value="19"/></item>
<item name="DIB14" rev="20">
<attrib name="value" value="19"/></item>
<item name="DIB15" rev="20">
<attrib name="value" value="19"/></item>
<item name="DIB16" rev="20">
<attrib name="value" value="19"/></item>
<item name="DIB17" rev="20">
<attrib name="value" value="19"/></item>
<item name="DIB18" rev="20">
<attrib name="value" value="19"/></item>
<item name="DIB19" rev="20">
<attrib name="value" value="19"/></item>
<item name="DIB2" rev="20">
<attrib name="value" value="19"/></item>
<item name="DIB20" rev="20">
<attrib name="value" value="19"/></item>
<item name="DIB21" rev="20">
<attrib name="value" value="19"/></item>
<item name="DIB22" rev="20">
<attrib name="value" value="19"/></item>
<item name="DIB23" rev="20">
<attrib name="value" value="19"/></item>
<item name="DIB24" rev="20">
<attrib name="value" value="19"/></item>
<item name="DIB25" rev="20">
<attrib name="value" value="19"/></item>
<item name="DIB26" rev="20">
<attrib name="value" value="19"/></item>
<item name="DIB27" rev="20">
<attrib name="value" value="19"/></item>
<item name="DIB28" rev="20">
<attrib name="value" value="19"/></item>
<item name="DIB29" rev="20">
<attrib name="value" value="19"/></item>
<item name="DIB3" rev="20">
<attrib name="value" value="19"/></item>
<item name="DIB30" rev="20">
<attrib name="value" value="19"/></item>
<item name="DIB31" rev="20">
<attrib name="value" value="19"/></item>
<item name="DIB4" rev="20">
<attrib name="value" value="19"/></item>
<item name="DIB5" rev="20">
<attrib name="value" value="19"/></item>
<item name="DIB6" rev="20">
<attrib name="value" value="19"/></item>
<item name="DIB7" rev="20">
<attrib name="value" value="19"/></item>
<item name="DIB8" rev="20">
<attrib name="value" value="19"/></item>
<item name="DIB9" rev="20">
<attrib name="value" value="19"/></item>
<item name="DIPA0" rev="20">
<attrib name="value" value="19"/></item>
<item name="DIPA1" rev="20">
<attrib name="value" value="19"/></item>
<item name="DIPA2" rev="20">
<attrib name="value" value="19"/></item>
<item name="DIPA3" rev="20">
<attrib name="value" value="19"/></item>
<item name="DIPB0" rev="20">
<attrib name="value" value="19"/></item>
<item name="DIPB1" rev="20">
<attrib name="value" value="19"/></item>
<item name="DIPB2" rev="20">
<attrib name="value" value="19"/></item>
<item name="DIPB3" rev="20">
<attrib name="value" value="19"/></item>
<item name="DOA0" rev="20">
<attrib name="value" value="19"/></item>
<item name="DOA1" rev="20">
<attrib name="value" value="3"/></item>
<item name="DOA2" rev="20">
<attrib name="value" value="3"/></item>
<item name="DOA3" rev="20">
<attrib name="value" value="3"/></item>
<item name="DOA4" rev="20">
<attrib name="value" value="1"/></item>
<item name="DOA5" rev="20">
<attrib name="value" value="1"/></item>
<item name="DOA6" rev="20">
<attrib name="value" value="1"/></item>
<item name="DOA7" rev="20">
<attrib name="value" value="1"/></item>
<item name="ENA" rev="20">
<attrib name="value" value="19"/></item>
<item name="ENB" rev="20">
<attrib name="value" value="19"/></item>
<item name="REGCEA" rev="20">
<attrib name="value" value="19"/></item>
<item name="REGCEB" rev="20">
<attrib name="value" value="19"/></item>
<item name="RSTA" rev="20">
<attrib name="value" value="19"/></item>
<item name="RSTB" rev="20">
<attrib name="value" value="19"/></item>
<item name="WEA0" rev="20">
<attrib name="value" value="19"/></item>
<item name="WEA1" rev="20">
<attrib name="value" value="19"/></item>
<item name="WEA2" rev="20">
<attrib name="value" value="19"/></item>
<item name="WEA3" rev="20">
<attrib name="value" value="19"/></item>
<item name="WEB0" rev="20">
<attrib name="value" value="19"/></item>
<item name="WEB1" rev="20">
<attrib name="value" value="19"/></item>
<item name="WEB2" rev="20">
<attrib name="value" value="19"/></item>
<item name="WEB3" rev="20">
<attrib name="value" value="19"/></item>
</group>
<group name="CARRY4">
<item name="CIN" rev="20">
<attrib name="value" value="11"/></item>
<item name="CO3" rev="20">
<attrib name="value" value="11"/></item>
<item name="CYINIT" rev="20">
<attrib name="value" value="8"/></item>
<item name="DI0" rev="20">
<attrib name="value" value="16"/></item>
<item name="DI1" rev="20">
<attrib name="value" value="13"/></item>
<item name="DI2" rev="20">
<attrib name="value" value="11"/></item>
<item name="DI3" rev="20">
<attrib name="value" value="11"/></item>
<item name="O0" rev="20">
<attrib name="value" value="18"/></item>
<item name="O1" rev="20">
<attrib name="value" value="16"/></item>
<item name="O2" rev="20">
<attrib name="value" value="13"/></item>
<item name="O3" rev="20">
<attrib name="value" value="11"/></item>
<item name="S0" rev="20">
<attrib name="value" value="19"/></item>
<item name="S1" rev="20">
<attrib name="value" value="16"/></item>
<item name="S2" rev="20">
<attrib name="value" value="13"/></item>
<item name="S3" rev="20">
<attrib name="value" value="11"/></item>
</group>
<group name="LUT5">
<item name="A1" rev="20">
<attrib name="value" value="4"/></item>
<item name="A2" rev="20">
<attrib name="value" value="14"/></item>
<item name="A3" rev="20">
<attrib name="value" value="15"/></item>
<item name="A4" rev="20">
<attrib name="value" value="18"/></item>
<item name="A5" rev="20">
<attrib name="value" value="10"/></item>
<item name="O5" rev="20">
<attrib name="value" value="40"/></item>
</group>
<group name="LUT6">
<item name="A1" rev="20">
<attrib name="value" value="40"/></item>
<item name="A2" rev="20">
<attrib name="value" value="67"/></item>
<item name="A3" rev="20">
<attrib name="value" value="77"/></item>
<item name="A4" rev="20">
<attrib name="value" value="111"/></item>
<item name="A5" rev="20">
<attrib name="value" value="113"/></item>
<item name="A6" rev="20">
<attrib name="value" value="126"/></item>
<item name="O6" rev="20">
<attrib name="value" value="128"/></item>
</group>
<group name="RAMB16BWER_RAMB16BWER">
<item name="ADDRA0" rev="20">
<attrib name="value" value="19"/></item>
<item name="ADDRA1" rev="20">
<attrib name="value" value="19"/></item>
<item name="ADDRA10" rev="20">
<attrib name="value" value="19"/></item>
<item name="ADDRA11" rev="20">
<attrib name="value" value="19"/></item>
<item name="ADDRA12" rev="20">
<attrib name="value" value="19"/></item>
<item name="ADDRA13" rev="20">
<attrib name="value" value="19"/></item>
<item name="ADDRA2" rev="20">
<attrib name="value" value="19"/></item>
<item name="ADDRA3" rev="20">
<attrib name="value" value="19"/></item>
<item name="ADDRA4" rev="20">
<attrib name="value" value="19"/></item>
<item name="ADDRA5" rev="20">
<attrib name="value" value="19"/></item>
<item name="ADDRA6" rev="20">
<attrib name="value" value="19"/></item>
<item name="ADDRA7" rev="20">
<attrib name="value" value="19"/></item>
<item name="ADDRA8" rev="20">
<attrib name="value" value="19"/></item>
<item name="ADDRA9" rev="20">
<attrib name="value" value="19"/></item>
<item name="ADDRB0" rev="20">
<attrib name="value" value="19"/></item>
<item name="ADDRB1" rev="20">
<attrib name="value" value="19"/></item>
<item name="ADDRB10" rev="20">
<attrib name="value" value="19"/></item>
<item name="ADDRB11" rev="20">
<attrib name="value" value="19"/></item>
<item name="ADDRB12" rev="20">
<attrib name="value" value="19"/></item>
<item name="ADDRB13" rev="20">
<attrib name="value" value="19"/></item>
<item name="ADDRB2" rev="20">
<attrib name="value" value="19"/></item>
<item name="ADDRB3" rev="20">
<attrib name="value" value="19"/></item>
<item name="ADDRB4" rev="20">
<attrib name="value" value="19"/></item>
<item name="ADDRB5" rev="20">
<attrib name="value" value="19"/></item>
<item name="ADDRB6" rev="20">
<attrib name="value" value="19"/></item>
<item name="ADDRB7" rev="20">
<attrib name="value" value="19"/></item>
<item name="ADDRB8" rev="20">
<attrib name="value" value="19"/></item>
<item name="ADDRB9" rev="20">
<attrib name="value" value="19"/></item>
<item name="CLKA" rev="20">
<attrib name="value" value="19"/></item>
<item name="CLKB" rev="20">
<attrib name="value" value="19"/></item>
<item name="DIA0" rev="20">
<attrib name="value" value="19"/></item>
<item name="DIA1" rev="20">
<attrib name="value" value="19"/></item>
<item name="DIA10" rev="20">
<attrib name="value" value="19"/></item>
<item name="DIA11" rev="20">
<attrib name="value" value="19"/></item>
<item name="DIA12" rev="20">
<attrib name="value" value="19"/></item>
<item name="DIA13" rev="20">
<attrib name="value" value="19"/></item>
<item name="DIA14" rev="20">
<attrib name="value" value="19"/></item>
<item name="DIA15" rev="20">
<attrib name="value" value="19"/></item>
<item name="DIA16" rev="20">
<attrib name="value" value="19"/></item>
<item name="DIA17" rev="20">
<attrib name="value" value="19"/></item>
<item name="DIA18" rev="20">
<attrib name="value" value="19"/></item>
<item name="DIA19" rev="20">
<attrib name="value" value="19"/></item>
<item name="DIA2" rev="20">
<attrib name="value" value="19"/></item>
<item name="DIA20" rev="20">
<attrib name="value" value="19"/></item>
<item name="DIA21" rev="20">
<attrib name="value" value="19"/></item>
<item name="DIA22" rev="20">
<attrib name="value" value="19"/></item>
<item name="DIA23" rev="20">
<attrib name="value" value="19"/></item>
<item name="DIA24" rev="20">
<attrib name="value" value="19"/></item>
<item name="DIA25" rev="20">
<attrib name="value" value="19"/></item>
<item name="DIA26" rev="20">
<attrib name="value" value="19"/></item>
<item name="DIA27" rev="20">
<attrib name="value" value="19"/></item>
<item name="DIA28" rev="20">
<attrib name="value" value="19"/></item>
<item name="DIA29" rev="20">
<attrib name="value" value="19"/></item>
<item name="DIA3" rev="20">
<attrib name="value" value="19"/></item>
<item name="DIA30" rev="20">
<attrib name="value" value="19"/></item>
<item name="DIA31" rev="20">
<attrib name="value" value="19"/></item>
<item name="DIA4" rev="20">
<attrib name="value" value="19"/></item>
<item name="DIA5" rev="20">
<attrib name="value" value="19"/></item>
<item name="DIA6" rev="20">
<attrib name="value" value="19"/></item>
<item name="DIA7" rev="20">
<attrib name="value" value="19"/></item>
<item name="DIA8" rev="20">
<attrib name="value" value="19"/></item>
<item name="DIA9" rev="20">
<attrib name="value" value="19"/></item>
<item name="DIB0" rev="20">
<attrib name="value" value="19"/></item>
<item name="DIB1" rev="20">
<attrib name="value" value="19"/></item>
<item name="DIB10" rev="20">
<attrib name="value" value="19"/></item>
<item name="DIB11" rev="20">
<attrib name="value" value="19"/></item>
<item name="DIB12" rev="20">
<attrib name="value" value="19"/></item>
<item name="DIB13" rev="20">
<attrib name="value" value="19"/></item>
<item name="DIB14" rev="20">
<attrib name="value" value="19"/></item>
<item name="DIB15" rev="20">
<attrib name="value" value="19"/></item>
<item name="DIB16" rev="20">
<attrib name="value" value="19"/></item>
<item name="DIB17" rev="20">
<attrib name="value" value="19"/></item>
<item name="DIB18" rev="20">
<attrib name="value" value="19"/></item>
<item name="DIB19" rev="20">
<attrib name="value" value="19"/></item>
<item name="DIB2" rev="20">
<attrib name="value" value="19"/></item>
<item name="DIB20" rev="20">
<attrib name="value" value="19"/></item>
<item name="DIB21" rev="20">
<attrib name="value" value="19"/></item>
<item name="DIB22" rev="20">
<attrib name="value" value="19"/></item>
<item name="DIB23" rev="20">
<attrib name="value" value="19"/></item>
<item name="DIB24" rev="20">
<attrib name="value" value="19"/></item>
<item name="DIB25" rev="20">
<attrib name="value" value="19"/></item>
<item name="DIB26" rev="20">
<attrib name="value" value="19"/></item>
<item name="DIB27" rev="20">
<attrib name="value" value="19"/></item>
<item name="DIB28" rev="20">
<attrib name="value" value="19"/></item>
<item name="DIB29" rev="20">
<attrib name="value" value="19"/></item>
<item name="DIB3" rev="20">
<attrib name="value" value="19"/></item>
<item name="DIB30" rev="20">
<attrib name="value" value="19"/></item>
<item name="DIB31" rev="20">
<attrib name="value" value="19"/></item>
<item name="DIB4" rev="20">
<attrib name="value" value="19"/></item>
<item name="DIB5" rev="20">
<attrib name="value" value="19"/></item>
<item name="DIB6" rev="20">
<attrib name="value" value="19"/></item>
<item name="DIB7" rev="20">
<attrib name="value" value="19"/></item>
<item name="DIB8" rev="20">
<attrib name="value" value="19"/></item>
<item name="DIB9" rev="20">
<attrib name="value" value="19"/></item>
<item name="DIPA0" rev="20">
<attrib name="value" value="19"/></item>
<item name="DIPA1" rev="20">
<attrib name="value" value="19"/></item>
<item name="DIPA2" rev="20">
<attrib name="value" value="19"/></item>
<item name="DIPA3" rev="20">
<attrib name="value" value="19"/></item>
<item name="DIPB0" rev="20">
<attrib name="value" value="19"/></item>
<item name="DIPB1" rev="20">
<attrib name="value" value="19"/></item>
<item name="DIPB2" rev="20">
<attrib name="value" value="19"/></item>
<item name="DIPB3" rev="20">
<attrib name="value" value="19"/></item>
<item name="DOA0" rev="20">
<attrib name="value" value="19"/></item>
<item name="DOA1" rev="20">
<attrib name="value" value="3"/></item>
<item name="DOA2" rev="20">
<attrib name="value" value="3"/></item>
<item name="DOA3" rev="20">
<attrib name="value" value="3"/></item>
<item name="DOA4" rev="20">
<attrib name="value" value="1"/></item>
<item name="DOA5" rev="20">
<attrib name="value" value="1"/></item>
<item name="DOA6" rev="20">
<attrib name="value" value="1"/></item>
<item name="DOA7" rev="20">
<attrib name="value" value="1"/></item>
<item name="ENA" rev="20">
<attrib name="value" value="19"/></item>
<item name="ENB" rev="20">
<attrib name="value" value="19"/></item>
<item name="REGCEA" rev="20">
<attrib name="value" value="19"/></item>
<item name="REGCEB" rev="20">
<attrib name="value" value="19"/></item>
<item name="RSTA" rev="20">
<attrib name="value" value="19"/></item>
<item name="RSTB" rev="20">
<attrib name="value" value="19"/></item>
<item name="WEA0" rev="20">
<attrib name="value" value="19"/></item>
<item name="WEA1" rev="20">
<attrib name="value" value="19"/></item>
<item name="WEA2" rev="20">
<attrib name="value" value="19"/></item>
<item name="WEA3" rev="20">
<attrib name="value" value="19"/></item>
<item name="WEB0" rev="20">
<attrib name="value" value="19"/></item>
<item name="WEB1" rev="20">
<attrib name="value" value="19"/></item>
<item name="WEB2" rev="20">
<attrib name="value" value="19"/></item>
<item name="WEB3" rev="20">
<attrib name="value" value="19"/></item>
</group>
<group name="SELMUX2_1">
<item name="0" rev="20">
<attrib name="value" value="8"/></item>
<item name="1" rev="20">
<attrib name="value" value="8"/></item>
<item name="OUT" rev="20">
<attrib name="value" value="8"/></item>
<item name="S0" rev="20">
<attrib name="value" value="8"/></item>
</group>
<group name="IOB_IMUX">
<item name="I" rev="20">
<attrib name="value" value="10"/></item>
<item name="OUT" rev="20">
<attrib name="value" value="10"/></item>
</group>
<group name="IOB">
<item name="I" rev="20">
<attrib name="value" value="10"/></item>
<item name="O" rev="20">
<attrib name="value" value="10"/></item>
<item name="PAD" rev="20">
<attrib name="value" value="20"/></item>
</group>
<group name="HARD0">
<item name="0" rev="20">
<attrib name="value" value="6"/></item>
</group>
<group name="BUFG">
<item name="I0" rev="20">
<attrib name="value" value="2"/></item>
<item name="O" rev="20">
<attrib name="value" value="2"/></item>
</group>
</ReportPinData>
<CmdHistory>
</CmdHistory>
</DeviceUsageSummary>
